,RUN,AverageLogRT
0,Run1,2.8246941957026226
1,Run2,2.782948789705155
2,Run3,2.76732632394701
3,Run4,2.724731780892411
4,Run5,2.760218737611126
5,Run6,2.7513388925582074
6,Run7,2.7213047980754554
7,Run8,2.7319146731990887
8,Run9,2.767937242980254
9,Run10,2.759813190740829
10,Run11,2.72925231923151
11,Run12,2.7121239449528374
12,Run13,2.785966641898414
13,Run14,2.7739640626249633
14,Run15,2.76146982426134
15,Run16,2.796312094739262
16,Run17,2.7692823778812876
17,Run18,2.778841113561938
18,Run19,2.784757741363438
19,Run20,2.7716616696397454
20,Run21,2.6914688073812854
21,Run22,2.7978017077111144
22,Run23,2.75486400130513
23,Run24,2.759100257033523
24,Run25,2.7717819777903294
25,Run26,2.758142142939167
26,Run27,2.7894450442151153
27,Run28,2.783484001068681
28,Run29,2.7685680297628776
29,Run30,2.6927019254872304
30,Run31,2.672115399931138
31,Run32,2.706209258833972
32,Run33,2.697027567649516
33,Run34,2.75910159778463
34,Run35,2.7469541548402105
35,Run36,2.7697738295900862
